Creation,MergeTime,id,isPr,N. of Comments,Closed,N. Labels,author, labelStatus, lastUpdateTime, milestoneTitle
1498199737,1498236484,19411,1,17,1,5,davidlange6,NNNNNANNNNNNNNNAN,1498236484,CMSSW_9_2_X
1498201705,1498389310,19412,1,10,1,8,cerminar,ANNNNNNNNNNPANNAN,1498389310,CMSSW_9_2_X
1498210512,NA,19413,1,25,0,5,bsunanda,PNNNNNNNNNNNNNNAN,1498474054,CMSSW_9_3_X
1498218373,NA,19414,1,7,0,5,leggat,NNNNNANNNNNNNNNAN,1498474052,CMSSW_9_3_X
1498219933,NA,19415,1,11,0,5,pieterdavid,NNNNNNNNNNNNNPNAN,1498474051,CMSSW_9_3_X
1498221888,1498458411,19416,1,10,1,6,ianna,ANNNNNNNNANNNNNAN,1498458411,CMSSW_9_2_X
1498224427,NA,19417,1,13,0,8,Dr15Jones,NNNPNPANNNNNNPNAN,1498474049,CMSSW_9_3_X
1498226516,NA,19418,1,7,0,5,dildick,NNNNNNNNNNPNNNNAN,1498474048,CMSSW_9_3_X
1498227900,NA,19419,1,8,0,7,bsunanda,NNNNNNNNNANNNNAAN,1498474046,CMSSW_9_3_X
1498236365,1498297994,19420,1,8,1,6,davidlange6,PNPNNNNNNNNNNNNAN,1498297994,CMSSW_9_2_X
1498282165,1498390105,19421,1,20,1,5,slava77,NNNNNNNNNNNNNANAN,1498390105,CMSSW_9_2_X
1498297609,1498302042,19422,1,7,1,5,davidlange6,NNNNNPNNNNNNNNNAN,1498306093,CMSSW_9_2_X
1498390707,1498390812,19423,1,7,1,7,davidlange6,NNNNNNNNNNNNNPPAN,1498420563,CMSSW_9_2_X
1498390885,NA,19424,1,1,0,7,davidlange6,NNNNNNNNNNNNNPPPN,1498474045,CMSSW_9_3_X
1498391366,NA,19425,0,43,0,8,davidlange6,NNNNNNNNNNNNNNNNN,1498454489,CMSSW_9_2_X
1498410336,NA,19426,1,7,0,8,slava77,NPNNNPNNNNNNNPAAN,1498474043,CMSSW_9_3_X
1498410991,NA,19427,1,10,0,9,franzoni,PNNNNNNNNNNPPPNAN,1498474042,CMSSW_9_3_X
